title,sentiment
Medics Responded To ‘Cardiac Arrest’ At Mitch McConnell’s Home Last Month—What We Know About His Health - Forbes,Negative
Double Majority for Maximum Impact: United Way of Big Spring and Howard County Announces 2027 Partner Agencies,Neutral
Finkurve Financial Services Limited - Arvog Raises Rs 50 Crore Through NCD Issuance from Franklin Templeton to Accelerate Growth and Business Expansion,Negative
The U.S. Labor Market Is Losing Momentum - As Is The USD,Neutral
What we know about grooming gang ringleader released from prison and deportation row,Neutral
Significant blow to Project Tango as Zoning Commission denies application,Positive
Amazon’s emissions jump 16% amid AI boom,Neutral
Medics Responded To ‘Cardiac Arrest’ At Mitch McConnell’s Home Last Month—What We Know About His Health,Negative
"President Donald Trump lands in Bismarck aboard new Air Force One, speaks in Medora",Positive
"Kaluz Restaurant and Max’s Grille Raise $14,000 for Tunnel to Towers Foundation During July 1 Give Back Event",Neutral
